Company,Sector,Continent
CREDIT SUISSE GROUP AG,Finance,Europe
ROYAL BANK OF CANADA,Finance,North America
UNICREDIT SPA,Finance,Europe
"CHINA CONSTRUCTION BANK CO., LTD",Finance,Asia
TORONTO DOMINION BANK,Finance,North America
BANCO BILBAO VIZCAYA ARGENTARIA SA,Finance,Europe
DEUTSCHE BANK AG,Finance,Europe
STATE BANK OF INDIA,Finance,Asia
BANK OF NOVA SCOTIA (THE) - SCOTIABANK,Finance,North America
INTESA SANPAOLO,Finance,Europe
BANK OF MONTREAL,Finance,North America
COMMONWEALTH BANK OF AUSTRALIA,Finance,Other
WESTPAC BANKING CORPORATION,Finance,Other
CANADIAN IMPERIAL BANK OF COMMERCE,Finance,North America
COMMERZBANK AG,Finance,Europe
ICICI BANK LIMITED,Finance,Asia
UNITED OVERSEAS BANK LIMITED UOB,Finance,Asia
RAIFFEISEN BANK INTERNATIONAL AG,Finance,Europe
NATIONAL BANK OF CANADA,Finance,North America
KRUNG THAI BANK PUBLIC COMPANY LIMITED,Finance,Asia
BANCA MONTE DEI PASCHI DI SIENA SPA,Finance,Europe
SOCIETE GENERALE COTE D'IVOIRE,Finance,Other
ERSTE GROUP BANK AG,Finance,Europe
SHINSEI BANK LIMITED,Finance,Asia
NATIONAL AUSTRALIA BANK LIMITED,Finance,Other
ASSICURAZIONI GENERALI SPA,Finance,Europe
METLIFE INC.,Finance,North America
AVIVA PLC,Finance,Europe
MANULIFE FINANCIAL CORP,Finance,North America
SUN LIFE FINANCIAL INC.,Finance,North America
UNIPOL GRUPPO SPA,Finance,Europe
LOEWS CORP.,Finance,North America
MOLINA HEALTHCARE INC.,Finance,North America
UNITEDHEALTH GROUP INC.,Finance,North America
BNP PARIBAS CARDIF SA,Finance,Europe
ITOCHU CORPORATION,Finance,Asia
MITSUBISHI CORPORATION,Finance,Asia
JPMORGAN CHASE & CO,Finance,North America
CITIGROUP INC,Finance,North America
CAPITAL ONE FINANCIAL CORPORATION,Finance,North America
BARCLAYS PLC,Finance,Europe
"SUMITOMO MITSUI TRUST HOLDINGS, INC",Finance,Asia
UNIQA INSURANCE GROUP AG,Finance,Europe
"MITSUBISHI UFJ MORGAN STANLEY SECURITIES CO., LTD.",Finance,Asia
MOODY'S CORPORATION,Finance,North America
KBC GROEP NV KBC GROUPE SA,Finance,Europe
EQUIFAX INC,Finance,North America
PETROCHINA COMPANY LIMITED,Oil and gas industry,Asia
TOTAL SA,Oil and gas industry,Europe
ENI S.P.A.,Oil and gas industry,Europe
EQUINOR ASA,Oil and gas industry,Europe
CONOCOPHILLIPS,Oil and gas industry,North America
OMV AKTIENGESELLSCHAFT,Oil and gas industry,Europe
EOG RESOURCES INC,Oil and gas industry,North America
SINOPEC OILFIELD SERVICE CORPORATION,Oil and gas industry,Asia
HELLENIC PETROLEUM S.A.,Oil and gas industry,Europe
PIONEER NATURAL RESOURCES CO,Oil and gas industry,North America
INPEX CORPORATION,Oil and gas industry,Asia
ORIGIN ENERGY LIMITED,Oil and gas industry,Other
"PAR PACIFIC HOLDINGS, INC.",Oil and gas industry,North America
MARATHON OIL CORPORATION,Oil and gas industry,North America
SANTOS LTD,Oil and gas industry,Other
MURPHY OIL CORPORATION,Oil and gas industry,North America
CNX RESOURCES CORPORATION,Oil and gas industry,North America
DNO ASA,Oil and gas industry,Europe
CALLON PETROLEUM CO,Oil and gas industry,North America
"VAALCO ENERGY, INC.",Oil and gas industry,North America
BP PLC,Oil and gas industry,Europe
ROYAL DUTCH SHELL PLC,Oil and gas industry,Europe
EXXON MOBIL CORP,Oil and gas industry,North America
VALERO ENERGY CORP,Oil and gas industry,North America
RPM INTERNATIONAL INC.,Oil and gas industry,North America
FUCHS PETROLUB SE,Oil and gas industry,Europe
NATIONAL GRID PLC,Oil and gas industry,Europe
TOKYO GAS CO LTD,Oil and gas industry,Asia
OSAKA GAS CO LTD,Oil and gas industry,Asia
SEMPRA ENERGY,Oil and gas industry,North America
SNAM S.P.A.,Oil and gas industry,Europe
WILLIAMS COMPANIES INC,Oil and gas industry,North America
"ENLINK MIDSTREAM, LLC",Oil and gas industry,North America
REPSOL SPA,Oil and gas industry,Europe
COSCO SHIPPING ENERGY TRANSPORTATION COMPANY LIMITED,Oil and gas industry,Asia
STEALTHGAS INC.,Oil and gas industry,Other
"WALGREENS BOOTS ALLIANCE, INC.,",Pharmaceutical industry,North America
RITE AID CORP,Pharmaceutical industry,North America
JOHNSON & JOHNSON,Pharmaceutical industry,North America
ROCHE HOLDING AG,Pharmaceutical industry,Europe
BAYER AG,Pharmaceutical industry,Europe
NOVARTIS AG,Pharmaceutical industry,Europe
PFIZER INC,Pharmaceutical industry,North America
SANOFI,Pharmaceutical industry,Europe
AMGEN INCORPORATED,Pharmaceutical industry,North America
GILEAD SCIENCES INC,Pharmaceutical industry,North America
ELI LILLY AND COMPANY,Pharmaceutical industry,North America
TEVA PHARMACEUTICAL INDUSTRIES LIMITED,Pharmaceutical industry,Asia
SOLVAY SA,Pharmaceutical industry,Europe
BIOGEN INC.,Pharmaceutical industry,North America
ASTELLAS PHARMA INC,Pharmaceutical industry,Asia
AKZO NOBEL NV,Pharmaceutical industry,Europe
DAIICHI SANKYO COMPANY LIMITED,Pharmaceutical industry,Asia
REGENERON PHARMACEUTICALS INC,Pharmaceutical industry,North America
UCB S.A,Pharmaceutical industry,Europe
SUMITOMO DAINIPPON PHARMA CO LTD,Pharmaceutical industry,Asia
VERTEX PHARMACEUTICALS INCORPORATED,Pharmaceutical industry,North America
"LANNETT COMPANY, INC.",Pharmaceutical industry,North America
"ANI PHARMACEUTICALS, INC.",Pharmaceutical industry,North America
TRINITY BIOTECH PLC,Pharmaceutical industry,Europe
RIGEL PHARMACEUTICALS INC,Pharmaceutical industry,North America
AVADEL PHARMACEUTICALS PLC,Pharmaceutical industry,Europe
TITAN PHARMACEUTICALS INC,Pharmaceutical industry,North America
SANTEN PHARMACEUTICAL CO LTD,Pharmaceutical industry,Asia
AMERISOURCEBERGEN CORP,Pharmaceutical industry,North America
MCKESSON CORPORATION,Pharmaceutical industry,North America
CARDINAL HEALTH INC,Pharmaceutical industry,North America
HERBALIFE NUTRITION LIMITED,Pharmaceutical industry,North America
PERRIGO COMPANY PUBLIC LIMITED COMPANY,Pharmaceutical industry,Europe
BEIERSDORF AG,Pharmaceutical industry,Europe
COLGATE PALMOLIVE CO,Pharmaceutical industry,North America
ESTEE LAUDER COMPANIES INC. (THE),Pharmaceutical industry,North America
TENNECO INC.,Automotive industry,North America
BORGWARNER INC,Automotive industry,North America
"AUTOLIV, INC.",Automotive industry,North America
LINAMAR CORPORATION,Automotive industry,North America
KONGSBERG AUTOMOTIVE HOLDING ASA,Automotive industry,Europe
PEUGEOT,Automotive industry,Europe
RENAULT,Automotive industry,Europe
BAYERISCHE MOTOREN WERKE AG,Automotive industry,Europe
VOLKSWAGEN AG,Automotive industry,Europe
TATA MOTORS LIMITED,Automotive industry,Asia
NISSAN MOTOR CO LTD,Automotive industry,Asia
FORD MOTOR CO,Automotive industry,North America
"HYUNDAI MOTOR CO.,LTD.",Automotive industry,Asia
SUZUKI MOTOR CORPORATION,Automotive industry,Asia
MAZDA MOTOR CORPORATION,Automotive industry,Asia
SUBARU CORPORATION,Automotive industry,Asia
PACCAR INC,Automotive industry,North America
MITSUBISHI MOTORS CORPORATION,Automotive industry,Asia
TOYOTA INDUSTRIES CORPORATION,Automotive industry,Asia
ROSENBAUER INTERNATIONAL AG,Automotive industry,Europe
HONDA MOTOR CO LTD,Automotive industry,Asia
KAWASAKI HEAVY INDUSTRIES LTD,Automotive industry,Asia
CONTINENTAL AG,Automotive industry,Europe
BRIDGESTONE CORPORATION,Automotive industry,Asia
COMPAGNIE GENERALE DES ETABLISSEMENTS MICHELIN,Automotive industry,Europe
GOODYEAR TIRE & RUBBER CO,Automotive industry,North America
THE YOKOHAMA RUBBER COMPANY LIMITED,Automotive industry,Asia
TOYO TIRE CORPORATION,Automotive industry,Asia
"ZHEJIANG GEELY HOLDING GROUP CO., LTD.",Automotive industry,Asia
GENTEX CORP,Automotive industry,North America
RYDER SYSTEM INC,Automotive industry,North America
AUTOZONE INC,Automotive industry,North America
SONIC AUTOMOTIVE INC,Automotive industry,North America
AUTONATION INC,Automotive industry,North America
VOLKSWAGEN AG 2,Automotive industry,Europe
FRAPORT AG,Airline industry,Europe
DEUTSCHE LUFTHANSA AG,Airline industry,Europe
CHINA EASTERN AIRLINES CORPORATION LIMITED,Airline industry,Asia
SINGAPORE AIRLINES LTD,Airline industry,Asia
LATAM AIRLINES GROUP S.A.,Airline industry,Other
BOEING COMPANY (THE),Airline industry,North America
AIRBUS SE,Airline industry,Europe
LOCKHEED MARTIN CORP,Airline industry,North America
HONEYWELL INTERNATIONAL INC,Airline industry,North America
NORTHROP GRUMMAN CORPORATION,Airline industry,North America
SAFRAN,Airline industry,Europe
BAE SYSTEMS PLC,Airline industry,Europe
ROLLS-ROYCE HOLDINGS PLC,Airline industry,Europe
LEONARDO S.P.A.,Airline industry,Europe
TEXTRON INC,Airline industry,North America
CHINA EASTERN AIRLINES CORPORATION LIMITED2,Airline industry,Asia
MEGGITT PLC,Airline industry,Europe
UNILEVER PLC,Food industry,Europe
NESTLE S.A.,Food industry,Europe
ASSOCIATED BRITISH FOODS PLC,Food industry,Europe
MCCORMICK & CO INC,Food industry,North America
"CONAGRA BRANDS, INC.",Food industry,North America
TESCO PLC,Food industry,Europe
WALMART INC.,Food industry,North America
KROGER CO,Food industry,North America
CHINA RESOURCES BEER (HOLDINGS) COMPANY LIMITED,Food industry,Asia
COSTCO WHOLESALE CORP,Food industry,North America
TARGET CORP,Food industry,North America
CECONOMY AG,Food industry,Europe
KERING,Food industry,Europe
SEARS HOLDINGS CORPORATION,Food industry,North America
MARKS AND SPENCER GROUP PLC,Food industry,Europe
WOOLWORTHS HOLDINGS LIMITED,Food industry,Other
PEPSICO INC,Food industry,North America
HEINEKEN NV,Food industry,Europe
DIAGEO PLC,Food industry,Europe
"COCA-COLA CONSOLIDATED, INC.",Food industry,North America
"MONDELEZ INTERNATIONAL, INC.",Food industry,North America
KELLOGG COMPANY,Food industry,North America
TYSON FOODS INC.,Food industry,North America
CHINA PETROLEUM & CHEMICAL CORPORATION,Mining activities,Asia
BHP GROUP LIMITED,Mining activities,Other
CHINA SHENHUA ENERGY COMPANY LIMITED,Mining activities,Asia
HALLIBURTON CO,Mining activities,North America
OVINTIV CANADA ULC,Mining activities,North America
FUJI OIL CO LTD,Mining activities,Asia
MATRIX SERVICE CO,Mining activities,North America
PGS ASA,Mining activities,Europe
"HELMERICH & PAYNE, INC.",Mining activities,North America
RIO TINTO LIMITED,Mining activities,Other
ANGLO AMERICAN PLC,Mining activities,Europe
ANTOFAGASTA PLC,Mining activities,Europe
NORZINC LTD.,Mining activities,North America
CATERPILLAR INC,Mining activities,North America
DEERE & CO,Mining activities,North America
OCEANEERING INTERNATIONAL INC,Mining activities,North America
OIL STATES INTERNATIONAL INC,Mining activities,North America
YARA INTERNATIONAL ASA,Mining activities,Europe
IMERYS,Mining activities,Europe
THYSSEN SCHACHTBAU GMBH,Mining activities,Europe
ELECTRICITE DE FRANCE,Electricity,Europe
ENEL SPA,Electricity,Europe
KOREA ELECTRIC POWER CORPORATION,Electricity,Asia
E.ON SE,Electricity,Europe
RWE AG,Electricity,Europe
THE KANSAI ELECTRIC POWER COMPANY INCORPORATED,Electricity,Asia
"DOMINION ENERGY, INC.",Electricity,North America
DTE ENERGY CO,Electricity,North America
"CENTERPOINT ENERGY, INC.",Electricity,North America
ENTERGY CORP,Electricity,North America
"WEC ENERGY GROUP, INC.",Electricity,North America
AMEREN CORP,Electricity,North America
VERBUND AG,Electricity,Europe
MVV ENERGIE AG,Electricity,Europe
ENERGIEKONTOR AG,Electricity,Europe
SIEMENS AG,Electricity,Europe
CUMMINS INC.,Electricity,North America
MICROSOFT CORPORATION,Software industry,North America
ADOBE INC,Software industry,North America
INTUIT INC,Software industry,North America
ELECTRONIC ARTS INC,Software industry,North America
SYNOPSYS INC,Software industry,North America
AUTODESK INC,Software industry,North America
TRIMBLE INC.,Software industry,North America
CITRIX SYSTEMS INC,Software industry,North America
NORTONLIFELOCK INC.,Software industry,North America
CADENCE DESIGN SYSTEMS INC,Software industry,North America
ALLSCRIPTS HEALTHCARE SOLUTIONS INC,Software industry,North America
EPLUS INC,Software industry,North America
ANSYS INC,Software industry,North America
NATIONAL INSTRUMENTS CORP,Software industry,North America
MANHATTAN ASSOCIATES INC,Software industry,North America
MICROSTRATEGY INC,Software industry,North America
IMMERSION CORP,Software industry,North America
SOFTBANK GROUP CORP,Software industry,Asia
INTERNATIONAL BUSINESS MACHINES CORP,Software industry,North America
COGNIZANT TECHNOLOGY SOLUTIONS CORP,Software industry,North America
INFOSYS LIMITED,Software industry,Asia
BECHTLE AG,Software industry,Europe
CACI INTERNATIONAL INC,Software industry,North America
NOMURA RESEARCH INSTITUTE LTD,Software industry,Asia
DASSAULT SYSTEMES,Software industry,Europe
AKAMAI TECHNOLOGIES INC,Software industry,North America
"OMNICELL, INC.",Software industry,North America
REALNETWORKS INC,Software industry,North America
SYZYGY AG,Software industry,Europe
SAP SE,Software industry,Europe
ORACLE CORPORATION JAPAN,Software industry,Asia
USU SOFTWARE AG,Software industry,Europe
SOFTING AG,Software industry,Europe
ATOSS SOFTWARE AG,Software industry,Europe
PC CONNECTION INC,Software industry,North America
NINTENDO CO LTD,Software industry,Asia
FISERV INC,Software industry,North America
"ROPER TECHNOLOGIES, INC.",Software industry,North America
AB ELECTROLUX,Electronics industry,Europe
APPLE INC.,Electronics industry,North America
"SAMSUNG ELECTRONICS CO.,LTD.",Electronics industry,Asia
LG ELECTRONICS INC.,Electronics industry,Asia
CISCO SYSTEMS INC,Electronics industry,North America
NOKIA OYJ,Electronics industry,Europe
QUALCOMM INC,Electronics industry,North America
CIENA CORP,Electronics industry,North America
INTEL CORP,Electronics industry,North America
TOSHIBA CORPORATION,Electronics industry,Asia
"JABIL, INC.",Electronics industry,North America
FLEX LIMITED,Electronics industry,Asia
MICRON TECHNOLOGY INC,Electronics industry,North America
SHARP CORPORATION,Electronics industry,Asia
"LG DISPLAY CO.,LTD.",Electronics industry,Asia
TEXAS INSTRUMENTS INC,Electronics industry,North America
MURATA MANUFACTURING CO LTD,Electronics industry,Asia
INFINEON TECHNOLOGIES AG,Electronics industry,Europe
STMICROELECTRONICS NV,Electronics industry,Europe
DELTA ELECTRONICS INC,Electronics industry,Asia
AMPHENOL CORP,Electronics industry,North America
DOVER CORPORATION,Electronics industry,North America
ADVANCED MICRO DEVICES INC,Electronics industry,North America
RENESAS ELECTRONICS CORPORATION,Electronics industry,Asia
"ROCKWELL AUTOMATION, INC.",Electronics industry,North America
ANALOG DEVICES INC,Electronics industry,North America
"SKYWORKS SOLUTIONS, INC.",Electronics industry,North America
MARVELL TECHNOLOGY GROUP LIMITED,Electronics industry,North America
TTM TECHNOLOGIES INC,Electronics industry,North America
TAIYO YUDEN COMPANY LIMITED,Electronics industry,Asia
CIRRUS LOGIC INC,Electronics industry,North America
DIODES INC,Electronics industry,North America
ULTRA ELECTRONICS HOLDINGS PLC,Electronics industry,Europe
MERSEN,Electronics industry,Europe
ADVANCED ENERGY INDUSTRIES INC,Electronics industry,North America
AXT INC,Electronics industry,North America
FUELCELL ENERGY INC,Electronics industry,North America
THALES DIS FRANCE SA,Electronics industry,Europe
HITACHI LTD,Electronics industry,Asia
HP INC.,Electronics industry,North America
LENOVO GROUP LIMITED,Electronics industry,Asia
FUJITSU LIMITED,Electronics industry,Asia
NEC CORPORATION,Electronics industry,Asia
EMC CORP,Electronics industry,North America
WESTERN DIGITAL CORP,Electronics industry,North America
NVIDIA CORP,Electronics industry,North America
ZEBRA TECHNOLOGIES CORP,Electronics industry,North America
"DIEBOLD NIXDORF, INC",Electronics industry,North America
STRATASYS LIMITED,Electronics industry,Asia
SEACHANGE INTERNATIONAL INC,Electronics industry,North America
RADCOM LIMITED,Electronics industry,Asia
ANOTO GROUP AB,Electronics industry,Europe
"BEST BUY CO, INC",Electronics industry,North America
GAMESTOP CORP.,Electronics industry,North America
MEDION AG,Electronics industry,Europe
PLANTRONICS INC.,Electronics industry,North America
PANASONIC CORPORATION,Electronics industry,Asia
KONINKLIJKE PHILIPS N.V.,Electronics industry,Europe
DEUTSCHE TELEKOM AG,Telecommunications industry,Europe
NIPPON TELEGRAPH AND TELEPHONE CORPORATION,Telecommunications industry,Asia
VERIZON COMMUNICATIONS INC,Telecommunications industry,North America
"NETFLIX, INC.",Telecommunications industry,North America
PLDT INC.,Telecommunications industry,Asia
VODAFONE GROUP PLC,Telecommunications industry,Europe
BT GROUP PLC,Telecommunications industry,Europe
TELSTRA CORPORATION LIMITED,Telecommunications industry,Other
BAIDU INCORPORATED,Telecommunications industry,North America
PCCW LIMITED,Telecommunications industry,Asia
JOHNSON MATTHEY PLC,Chemicals,Europe
MITSUI CHEMICALS INC,Chemicals,Asia
SANYO CHEMICAL INDUSTRIES LTD,Chemicals,Asia
FMC CORP,Chemicals,North America
HENKEL AG & CO.,Chemicals,Europe
LANXESS AG,Chemicals,Europe
QUAKER CHEMICAL CORP,Chemicals,North America
WESTLAKE CHEMICAL PARTNERS LP,Chemicals,North America
WILLIAMS SONOMA INC,Others,North America
SEB SA,Others,Europe
ROBERT HALF INTERNATIONAL INC.,Others,North America
TENET HEALTHCARE CORP,Others,North America
MASTEC INC,Others,North America
"EXPEDIA GROUP, INC.",Others,North America
PARKER HANNIFIN CORP,Others,North America
LINDE GMBH,Others,Europe
AVIENT CORP,Others,North America
FEDEX CORP,Others,North America
"WESCO INTERNATIONAL, INC.",Others,North America
NEXITY,Others,Europe
SPX CORP,Others,North America
WORTHINGTON INDUSTRIES INC,Others,North America
QUANTA SERVICES INC,Others,North America
IVU TRAFFIC TECHNOLOGIES AG,Others,Europe
DOWA HOLDINGS CO LTD,Others,Asia
BILFINGER SE,Others,Europe
"POSCO CHEMICAL CO.,LTD.",Others,Asia
ODP CORPORATION,Others,North America
CORNING INC,Others,North America
ADIDAS AG,Others,Europe
PROCTER & GAMBLE CO,Others,North America
WOLFORD AG,Others,Europe
"FOSSIL GROUP, INC.",Others,North America
MATTEL INC,Others,North America
CLOROX CO,Others,North America
SALZGITTER AG,Others,Europe
PPG INDUSTRIES INC,Others,North America
HASBRO INC,Others,North America
HELEN OF TROY LIMITED,Others,North America
FUJIFILM HOLDINGS CORPORATION,Others,Asia
PITNEY BOWES INC,Others,North America
LVMH MOET HENNESSY LOUIS VUITTON,Others,Europe
SANDERSON FARMS INC,Others,North America
MASCO CORP,Others,North America
"AMAZON.COM, INC.",Others,North America
CALLAWAY GOLF CO,Others,North America
DEUTSCHE POST AG,Others,Europe
AMERICAN TOWER CORPORATION,Others,North America
OMNICOM GROUP INC,Others,North America
SUMITOMO HEAVY INDUSTRIES LTD,Others,Asia
EBAY INC,Others,North America
NIPPON STEEL CORPORATION,Others,Asia
TENARIS S.A.,Others,Europe
"CROWN HOLDINGS, INC.",Others,North America
WHIRLPOOL CORP,Others,North America
JSR CORPORATION,Others,Asia
HOCHTIEF AG,Others,Europe
EQUINIX INC,Others,North America
KIMBERLY CLARK CORP,Others,North America
WPP PLC (NEW),Others,Europe
UNITED PARCEL SERVICE INC,Others,North America
